neidenbach,50.100000,6.550000
falkenfels,49.004150,12.594800
wustermark,52.550000,12.950000
gusenburg,49.633330,6.900000
ederheim,48.808270,10.466090
grossbettlingen,48.590520,9.307820
dolgesheim,49.794440,8.256940
grabenstetten,48.523970,9.461550
kleinmachnow,52.407860,13.225140
bodman-ludwigshafen,47.818170,9.055400
bad berka,50.899820,11.282450
walluf,50.040030,8.155450
fintel,53.171880,9.669690
hopferau,47.616670,10.633330
stamsried,49.267550,12.530510
erkner,52.420000,13.754370
betzigau,47.733330,10.383330
hohentengen am hochrhein,47.570050,8.432500
rangendingen,48.381680,8.889400
stubenberg,48.316670,13.083330
ottobrunn,48.064890,11.663270
schlangen,51.809780,8.846050
floss,49.723950,12.275930
pilsach,49.321370,11.503110
espenhain,51.189260,12.478850
steinau an der strasse,50.314010,9.463350
kremmen,52.762160,13.025150
weismain,50.085120,11.240240
donzdorf,48.685440,9.810530
leingarten,49.146390,9.116940
meisenheim,49.707210,7.667650
oppenweiler,48.982700,9.458500
dombuhl,49.253490,10.285420
soyen,48.108080,12.210060
bad berneck,50.045640,11.672380
ruthen,53.481410,12.031310
langensendelbach,49.640510,11.071040
tamm,48.919880,9.115560
zaberfeld,49.056110,8.926940
niefern-oschelbronn,48.916670,8.783330
schwaikheim,48.877330,9.349580
raunheim,50.013200,8.452530
salzbergen,52.333330,7.350000
altenmarkt an der alz,48.002580,12.536710
perl,49.471690,6.381340
klingenberg am main,49.785070,9.180250
lauffen am neckar,49.073400,9.145670
harsum,52.210450,9.964860
alteglofsheim,48.916670,12.200000
gottenheim,48.050000,7.733330
usingen,50.335540,8.536880
heeslingen,53.316670,9.333330
baierbrunn,48.020300,11.486890
kahl am main,50.069810,9.005530
maulburg,47.646310,7.782100
stadecken-elsheim,49.912220,8.125280
jettingen-scheppach,48.389600,10.438100
neuhausen auf den fildern,48.683330,9.283330
bessenbach,49.962400,9.247190
schutterwald,48.450000,7.883330
hahn bei marienberg,50.632780,7.941110
bollendorf,49.852680,6.357950
alpen,51.583330,6.516670
munsingen,48.411260,9.497040
scheessel,53.166670,9.483330
weisenheim am sand,49.518060,8.247780
roetgen,50.650000,6.200000
petersaurach,49.300000,10.750000
algermissen,52.253320,9.969150
grosshansdorf,53.666670,10.283330
steinwiesen,50.294440,11.462950
wolfertschwenden,47.893500,10.267150
aschheim,48.171120,11.716750
kusterdingen,48.522910,9.119770
langenselbold,50.176570,9.040030
grafenwohr,49.717280,11.906450
eitorf,50.766670,7.450000
bad marienberg,50.649470,7.949580
zell im wiesental,47.705550,7.852480
weil im schonbuch,48.622700,9.063550
lommatzsch,51.195370,13.309170
heustreu,50.354850,10.260690
kraichtal,49.146230,8.732760
buttelborn,49.903330,8.523330
limburgerhof,49.424440,8.391940
kollnburg,49.046640,12.861210
toging am inn,48.260180,12.584600
worpswede,53.216670,8.933330
empfingen,48.392580,8.710360
vlotho,52.165300,8.859960
kunzell,50.544200,9.717920
dransfeld,51.499100,9.761790
visbek,52.833330,8.316670
odelzhausen,48.308890,11.198890
sassenburg,52.516670,10.633330
harrislee,54.800000,9.383330
mildstedt,54.466670,9.100000
biblis,49.691670,8.458610
ostrach,47.950000,9.383330
ober-olm,49.937220,8.188890
bellheim,49.198330,8.279440
hilchenbach,50.996870,8.110620
uslar,51.656900,9.635010
salach,48.691980,9.737150
bruck in der oberpfalz,49.249270,12.307100
gottmadingen,47.735110,8.776870
oer-erkenschwick,51.641980,7.264510
pritzwalk,53.149450,12.174050
zeven,53.296570,9.276850
puchheim,48.150000,11.350000
escheburg,53.466670,10.316670
arolsen,51.379820,9.014450
lauenburg,53.371990,10.556540
rennerod,50.608200,8.066970
weitnau,47.641710,10.127320
rellingen,53.650000,9.816670
grasbrunn,48.079050,11.743610
grobenzell,48.200000,11.366670
prichsenstadt,49.819330,10.347730
kropp,54.416670,9.516670
enger,52.140630,8.557720
wessling,48.074520,11.248200
renchen,48.588500,8.013210
bad soden,50.288570,9.364040
seehausen am staffelsee,47.689280,11.184980
niederviehbach,48.616670,12.383330
rommerskirchen,51.033330,6.683330
immenstaad,47.666670,9.366670
twistringen,52.799260,8.641630
oberammergau,47.598120,11.066920
poing,48.170040,11.818630
schwanau,48.366690,7.762440
vechelde,52.260380,10.364910
mertingen,48.656950,10.805570
henstedt-ulzburg,53.805000,9.974520
geisenheim,49.984700,7.968350
aitrach,47.933330,10.083330
bad krozingen,47.916670,7.700000
steinheim am albuch,48.690900,10.063820
farchant,47.530360,11.111510
pliezhausen,48.559340,9.207490
treuchtlingen,48.954730,10.908330
bohmte,52.366670,8.316670
mittenwald,47.442200,11.261870
renningen,48.769740,8.938710
ubstadt-weiher,49.162960,8.631650
wachtendonk,51.409160,6.338940
ebern,50.095450,10.798310
bad liebenzell,48.774270,8.729710
trebur,49.926390,8.407320
stadtkyll,50.350000,6.533330
ilsenburg,51.866950,10.678170
valley,47.893100,11.779150
vaterstetten,48.105370,11.768250
gutenzell-hurbel,48.116670,9.983330
dettenheim,48.986470,10.946500
traunreut,47.962690,12.592310
hermannsburg,52.832540,10.089570
berching,49.106950,11.441380
gengenbach,48.404760,8.014330
rietheim-weilheim,48.016670,8.766670
ismaning,48.233330,11.683330
sinzig,50.543840,7.246390
prien am chiemsee,47.856020,12.346230
queidersbach,49.366670,7.633330
bexbach,49.346150,7.255270
immenstadt,47.559960,10.213940
wildeshausen,52.894460,8.433750
feucht,49.375970,11.214330
sussen,48.679340,9.755340
tittling,48.726190,13.382210
werlte,52.850000,7.683330
bissingen,48.716940,10.617660
peissenberg,47.804660,11.069900
erdweg,48.331800,11.303390
markgroningen,48.904930,9.080590
burglengenfeld,49.203790,12.044520
spaichingen,48.074770,8.735080
velen,51.894470,6.988070
overath,50.932750,7.283890
zeuthen,52.348030,13.621740
weener,53.163320,7.350520
herzogenaurach,49.567980,10.885650
adorf/vogtl,50.320480,12.256020
bad essen,52.316670,8.333330
birkenau,49.562500,8.706940
peiting,47.795490,10.929510
arnstadt,50.840480,10.951980
jever,53.573680,7.898060
neckartenzlingen,48.589810,9.234780
kirkel,49.283330,7.233330
affing,48.466670,10.983330
tecklenburg,52.219570,7.813570
drensteinfurt,51.795350,7.738150
landstuhl,49.413060,7.570210
heideck,49.133650,11.127260
buckeburg,52.260650,9.049390
nersingen,48.428290,10.123560
ottendorf-okrilla,51.183330,13.833330
burgkunstadt,50.140930,11.252050
burgebrach,49.828320,10.743380
ebersbach an der fils,48.716000,9.523600
vilseck,49.614800,11.802610
meerane,50.846880,12.464730
hammelburg,50.116330,9.891430
stuhlingen,47.745800,8.448130
bad sackingen,47.553710,7.946120
neuendettelsau,49.283330,10.783330
uhingen,48.704750,9.585700
selb,50.170580,12.130540
unterhaching,48.065980,11.615640
achern,48.631150,8.076070
rehburg-loccum,52.469520,9.199570
garching an der alz,48.134510,12.581520
dohna,50.956210,13.858390
emmendingen,48.120960,7.853590
wangen im allgau,47.689500,9.832470
heusenstamm,50.055530,8.800760
golssen,51.972040,13.601150
meitingen,48.545860,10.851790
monschau,50.554620,6.240010
sembach,49.511770,7.866610
gross-zimmern,49.875830,8.834440
schramberg,48.223990,8.385830
bordesholm,54.176110,10.031460
bad driburg,51.732970,9.019690
rastede,53.250000,8.200000
plattling,48.778660,12.875090
gilching,48.107550,11.293600
kierspe,51.134030,7.590750
oberhausen-rheinhausen,49.273890,8.471670
warburg,51.490110,9.146410
dillenburg,50.741140,8.286990
molbergen,52.858050,7.925480
breitenfelde,53.605920,10.633390
bruchmuhlbach-miesau,49.383330,7.433330
eggenstein-leopoldshafen,49.090060,8.398790
neuenrade,51.282780,7.782500
aichtal,48.626380,9.263150
kamp-lintfort,51.504670,6.545870
seesen,51.890950,10.178470
garrel,52.950000,8.016670
waldmohr,49.383330,7.333330
vallendar,50.395860,7.624270
maroldsweisach,50.195780,10.660030
rheinfelden,47.560130,7.787150
gefrees,50.095380,11.737720
rinteln,52.186040,9.079170
boizenburg,53.381530,10.723750
schnaittenbach,49.546920,12.001840
geretsried,47.857750,11.480540
buch am erlbach,48.447840,12.035750
ingelfingen,49.300280,9.653030
schneverdingen,53.116850,9.795240
lohfelden,51.266670,9.533330
kurten,51.050000,7.266670
burghaslach,49.733130,10.600700
guglingen,49.066420,9.001750
finnentrop,51.168000,7.973000
marpingen,49.452280,7.058200
deizisau,48.712200,9.386100
raubling,47.790500,12.110880
emlichheim,52.616670,6.850000
diez,50.374190,8.007350
volkach,49.863520,10.228130
dingolfing,48.642440,12.492830
barleben,52.201930,11.617700
bad waldsee,47.920270,9.754900
markdorf,47.719160,9.390280
ettlingen,48.940940,8.407630
eggenfelden,48.405090,12.757520
wesseling,50.827090,6.974700
ehningen,48.658820,8.941240
daun,50.197160,6.829420
seebruck,47.934230,12.475400
raesfeld,51.766670,6.850000
bonnigheim,49.040180,9.093860
grafelfing,48.118780,11.429390
gelnhausen,50.201640,9.187420
barssel,53.169810,7.750120
wallenhorst,52.350000,8.016670
bad rothenfelde,52.116670,8.166670
sankt leon-rot,49.265930,8.618030
wiggensbach,47.747810,10.229870
triesdorf,49.203070,10.650630
wahlstedt,53.951610,10.206260
leichlingen,51.106280,7.018730
idstein,50.217730,8.266790
rust,48.266670,7.733330
bergkamen,51.616330,7.644510
braunfels,50.515450,8.389180
wentorf bei hamburg,53.500000,10.250000
manching,48.716560,11.493930
eltville,50.028580,8.117540
werdohl,51.260110,7.766080
recke,52.368850,7.721160
buchholz in der nordheide,53.326410,9.868120
herrsching,47.998880,11.176790
laichingen,48.489390,9.686120
bad wildbad,48.750710,8.550400
barmstedt,53.792090,9.767390
ettenheim,48.256960,7.812470
hallstadt,49.929010,10.875390
wasserburg am inn,48.052500,12.223410
mohnesee,51.500000,8.133330
dinslaken,51.562270,6.743400
eberhardzell,48.000000,9.816670
botzingen,48.076420,7.724850
straelen,51.441900,6.266390
gablingen,48.450000,10.816670
grenzach-wyhlen,47.550000,7.683330
walsrode,52.861470,9.592600
jork,53.531980,9.680760
haslach im kinzigtal,48.277730,8.089410
gransee,53.007040,13.157500
apen,53.216670,7.800000
giengen,48.622190,10.243120
fahrenzhausen,48.353170,11.555210
lampertheim,49.597860,8.472500
rodental,50.295160,11.041220
diepholz,52.607830,8.370050
altena,51.294720,7.673370
meckenbeuren,47.700000,9.566670
wietze,52.650000,9.833330
schwaigern,49.144940,9.055250
oettingen in bayern,48.952740,10.604650
simmerath,50.600000,6.300000
kalefeld,51.800000,10.033330
andernach,50.431090,7.404250
burgthann,49.352020,11.311540
ginsheim-gustavsburg,49.971100,8.345320
leutkirch im allgau,47.826720,10.020500
altmannstein,48.899200,11.652030
alsbach-hahnlein,49.738610,8.595830
freital,51.001660,13.648800
wachtberg,50.633330,7.100000
lenggries,47.683330,11.566670
fritzlar,51.131810,9.275570
hildesheim,52.150770,9.951120
plochingen,48.710670,9.419490
celle,52.622640,10.080470
grossbeeren,52.358620,13.309940
erlangen,49.590990,11.007830
zittau,50.897720,14.807640
neunburg vorm wald,49.347820,12.386210
hoyerswerda,51.437870,14.235490
olbernhau,50.658700,13.342500
eggolsheim,49.769610,11.057010
pasewalk,53.506270,13.989970
neubiberg,48.077100,11.658120
vellmar,51.358060,9.479740
meinerzhagen,51.107400,7.648380
kitzingen,49.739730,10.150720
schiffweiler,49.366670,7.133330
sankt augustin,50.775380,7.197000
hilden,51.168180,6.930930
kolbermoor,47.849650,12.066960
lahnstein,50.300000,7.616670
bonn,50.734380,7.095490
gardelegen,52.525200,11.395230
ribnitz-damgarten,54.242200,12.456660
neckartailfingen,48.611720,9.263710
furtwangen,48.051560,8.207150
hohenkirchen-siegertsbrunn,48.019320,11.719060
kamenz,51.267980,14.093740
maintal,50.150000,8.833330
unna,51.537950,7.689690
beverstedt,53.434130,8.819150
aerzen,52.049530,9.258560
dortmund,51.514940,7.466000
hildburghausen,50.425530,10.731840
sankt blasien,47.762520,8.127140
oschatz,51.300010,13.109840
haren,52.792620,7.241420
aidlingen,48.678490,8.895240
alsfeld,50.751850,9.270820
regenstauf,49.120140,12.130270
gudensberg,51.177060,9.367480
breisach,48.032790,7.582940
sassnitz,54.515700,13.644510
edenkoben,49.283930,8.127140
stuttgart,48.782320,9.177020
owen,48.587420,9.449780
sailauf,50.024610,9.259320
sondershausen,51.369730,10.870110
hurth,48.927510,10.910830
beeskow,52.172910,14.245970
espelkamp,52.382510,8.621270
bochum,51.481650,7.216480
erftstadt,50.814810,6.793870
erding,48.306030,11.906860
bad oeynhausen,52.206990,8.803650
titisee-neustadt,47.921040,8.190630
schulp,51.143490,11.752540
goch,51.678730,6.158950
wermelskirchen,51.139700,7.215830
troisdorf,50.809010,7.149680
duisburg,51.432470,6.765160
landau,51.342090,9.085010
erfurt,50.978700,11.032830
lemgo,52.027860,8.899010
frankfurt,49.683330,10.533330
dreieich,50.019970,8.696110
bad gandersheim,51.871670,10.025370
emstek,52.833330,8.150000
kummersbruck,49.419170,11.888330
mayen,50.327970,7.222770
wardenburg,53.066670,8.200000
hilpoltstein,49.190470,11.190600
braunlingen,47.929570,8.448060
straubing,48.881260,12.573850
bad wurzach,47.907990,9.896860
ottweiler,49.401330,7.164240
engelskirchen,50.988540,7.413910
mettmann,51.250400,6.975360
buchloe,48.037190,10.725480
kulmbach,50.100680,11.450320
alzey,49.746570,8.115130
freudenstadt,48.466950,8.413710
dieburg,49.897380,8.846130
idar-oberstein,49.714430,7.307760
tittmoning,48.061640,12.767600
bamberg,49.898730,10.900670
bad schwalbach,50.141960,8.069640
sarstedt,52.234950,9.854110
barsinghausen,52.300000,9.450000
oberding,48.316670,11.850000
nussloch,49.323890,8.695560
lauchheim,48.871350,10.242220
munich,48.137430,11.575490
aalen,48.837770,10.093300
traunstein,47.868250,12.643350
schweinfurt,50.049370,10.221750
spelle,52.366670,7.466670
versmold,52.040090,8.152720
sehnde,52.313940,9.968200
baden-baden,48.760600,8.239750
rednitzhembach,49.300950,11.079970
cadolzburg,49.457300,10.853290
buxtehude,53.467160,9.686360
bad kissingen,50.202280,10.077840
brackenheim,49.077870,9.066010
hennef,50.775550,7.283080
aachen,50.776640,6.083420
radeberg,51.111120,13.911990
iserlohn,51.375470,7.702810
bad hersfeld,50.871970,9.708910
olching,48.200000,11.333330
ampfing,48.254000,12.415150
filderstadt,48.656980,9.220490
xanten,51.658770,6.452970
dassel,51.801790,9.689040
landau an der isar,48.672490,12.693160
starnberg,48.001930,11.344160
dorpen,52.964690,7.322730
grossenkneten,52.943770,8.253230
bielefeld,52.033330,8.533330
ertingen,48.100000,9.466670
neustadt an der aisch,49.579530,10.611260
herzogenrath,50.868740,6.093170
albbruck,47.590770,8.129540
bad urach,48.491070,9.400090
bad zwischenahn,53.183330,8.000000
aschaffenburg,49.977040,9.152140
schiltach,48.289320,8.341690
alfter,50.733330,7.016670
rheine,52.285090,7.440550
schongau,47.812400,10.896640
dinklage,52.662230,8.124400
bad nauheim,50.364630,8.738590
schlusselfeld,49.756210,10.618730
untergruppenbach,49.089400,9.275160
grimma,51.233670,12.719590
hassfurt,50.035210,10.515600
templin,53.118650,13.502200
tornesch,53.700000,9.716670
kirchheim unter teck,48.646830,9.453780
staffelstein,50.101990,11.001280
hohen neuendorf,52.676310,13.277750
bad mergentheim,49.492500,9.773610
thale,51.748610,11.041000
stralsund,54.309110,13.081800
nabburg,49.453470,12.179960
bensheim,49.683690,8.618390
verl,51.883330,8.516670
halle (saale),51.481580,11.979470
duderstadt,51.513120,10.259510
neuss,51.198070,6.685040
baumholder,49.617380,7.333810
falkensee,52.560140,13.092700
helferskirchen,50.510280,7.811840
mettlach,49.494890,6.585620
bad neuenahr-ahrweiler,50.543220,7.111300
zwickau,50.727240,12.488390
unterschleissheim,48.280380,11.576840
lippoldsberg,51.622390,9.560170
osterburken,49.429970,9.422520
hardheim,49.611940,9.471940
heddesheim,49.505560,8.603610
sobernheim,49.786360,7.651460
ditzingen,48.826720,9.067030
tutzing,47.909380,11.280300
immelborn,50.792290,10.278120
wiesbaden,50.082580,8.249320
pfungstadt,49.805570,8.603070
pfaffenhofen an der ilm,48.530530,11.505000
weeze,51.626780,6.197920
dannstadt-schauernheim,49.440280,8.308610
wilnsdorf,50.816670,8.100000
schuttorf,51.074060,6.053340
fulda,50.551620,9.675180
crimmitschau,50.816440,12.390450
mechernich,50.593040,6.652240
neuburg an der donau,48.732180,11.187090
zulpich,50.694470,6.654140
eislingen,48.695150,9.706760
gevelsberg,51.319710,7.339200
hunfeld,52.980330,7.297930
engen,47.855340,8.773420
sankt wendel,49.466330,7.168140
spremberg,51.569600,14.373850
wiesloch,49.295040,8.698460
bad honnef,50.643360,7.227800
radebeul,51.106540,13.660470
hallbergmoos,48.327470,11.751420
niederkruchten,51.200000,6.216670
weinstadt,48.813110,9.363870
berchtesgaden,47.632360,13.001870
rietberg,51.809240,8.428410
korschenbroich,51.191390,6.513520
ispringen,48.916670,8.666670
erwitte,51.612700,8.338400
leinburg,49.451670,11.310000
mutterstadt,49.441390,8.356110
bad camberg,50.296950,8.268960
nurtingen,48.625650,9.342030
meldorf,54.091820,9.068700
teunz,49.483330,12.383330
ahaus,52.079360,7.013440
rheinstetten,48.968500,8.307040
hattert,50.666670,7.766670
ohlstadt,47.633330,11.233330
sankt georgen im schwarzwald,48.127160,8.335130
altleiningen,49.507500,8.073330
meppen,52.690640,7.290970
warstein,51.444880,8.348510
itzehoe,53.920990,9.515290
wurzen,51.370700,12.739390
coesfeld,51.943490,7.168090
hechingen,48.351490,8.963170
worrstadt,49.848610,8.124170
bad sooden-allendorf,51.270920,9.974830
passau,48.566500,13.431220
kettershausen,48.183330,10.266670
reinbek,53.517030,10.248800
freyung,48.809520,13.547680
ottobeuren,47.941300,10.299710
kirchzarten,47.966670,7.950000
balingen,48.275250,8.854640
deggendorf,48.840850,12.960680
zeulenroda-triebes,50.650330,11.983770
hoisdorf,53.650000,10.316670
alzenau,50.088800,9.064550
hochheim am main,50.014360,8.352180
sankt ingbert,49.276970,7.116720
seelze,52.396350,9.597270
speyer,49.320830,8.431110
lutzelbach,49.788330,9.075280
waakirchen,47.772500,11.673150
tuttlingen,47.984640,8.817700
krefeld,51.336450,6.553810
apolda,51.026240,11.516380
brilon,51.394620,8.571460
feuchtwangen,49.162870,10.338500
teterow,53.775450,12.574870
schwabach,49.330470,11.023460
nordlingen,49.249270,10.235930
parkstein,49.729210,12.067550
werne,51.664460,7.634210
querfurt,51.381240,11.600470
kirchseeon,48.071430,11.888750
kevelaer,51.582430,6.246030
dusslingen,48.453570,9.055520
wuppertal,51.270270,7.167550
riedstadt,49.834110,8.496210
freisen,49.550000,7.250000
reinfeld,53.831840,10.491260
villingen-schwenningen,48.062260,8.493580
neustadt an der donau,48.807050,11.769520
schwalmstadt,50.933330,9.216670
much,50.903830,7.403060
lindlar,51.019590,7.377580
nidda,50.413300,9.006380
ludwigsfelde,52.303220,13.254050
wehrheim,50.300000,8.566670
brakel,51.717500,9.185960
eutin,54.140540,10.607510
furth im wald,49.309550,12.841560
warendorf,51.951090,7.987560
genthin,52.406680,12.159200
waghausel,49.249910,8.512570
einbeck,51.820180,9.869610
wolnzach,48.603800,11.625680
gescher,51.954000,7.004810
lachendorf,52.616670,10.250000
bad hindelang,47.506240,10.372300
penzberg,47.752930,11.377000
ludwigshafen,47.816630,9.061380
memmingen,47.983720,10.185270
dormagen,51.096830,6.831670
bad aibling,47.863800,12.010550
schmalkalden,50.721360,10.443860
rodgau,50.026270,8.885880
marburg,50.809040,8.770690
baunatal,51.251820,9.407470
kordel,49.833330,6.633330
seeheim-jugenheim,49.765000,8.651940
moormerland,53.311390,7.422980
wiernsheim,48.883330,8.850000
rendsburg,54.306630,9.663130
moers,51.453420,6.632600
teltow,52.403100,13.260140
wilhelmshaven,53.529980,8.112530
dorsten,51.661660,6.965140
trostberg,48.028020,12.558040
erkelenz,51.079470,6.315310
westerland,54.907900,8.303260
ochsenfurt,49.664290,10.062270
ilshofen,49.170150,9.918250
rheinzabern,49.118060,8.278060
korbach,51.275610,8.873000
eibelstadt,49.723920,9.999620
monheim am rhein,51.091620,6.892170
merseburg,51.354780,11.989230
seevetal,53.400000,9.966670
obersulm,48.215340,9.826230
nagold,48.549800,8.723660
wegberg,51.142210,6.284360
rheinberg,51.546490,6.595250
olsberg,51.356130,8.488990
obertshausen,50.071390,8.851230
langgons,50.500000,8.666670
brandenburg,50.697160,6.144660
viernheim,49.540330,8.578200
neu-ulm,48.392790,10.011120
bitterfeld-wolfen,51.623550,12.323950
gerolstein,50.222240,6.659840
alfdorf,48.843850,9.718570
bitburg,49.967940,6.527340
bockenem,52.009930,10.131970
kronshagen,54.333330,10.083330
medebach,51.197130,8.706350
bad saarow,52.283330,14.066670
marbach am neckar,48.939640,9.259950
wernberg-koblitz,49.539310,12.161300
cremlingen,52.250000,10.650000
gifhorn,52.477740,10.551100
ramstein-miesenbach,49.444520,7.555330
bocholt,51.838790,6.615310
linnich,50.980020,6.270490
ennepetal,51.298480,7.362900
nienburg,52.646100,9.220860
meerbusch,51.261180,6.671700
altentreptow,53.694160,13.265040
sinsheim,49.252900,8.878670
garmisch-partenkirchen,47.492090,11.095760
lauda-konigshofen,49.565260,9.708160
waldshut-tiengen,47.623230,8.217170
rudolstadt,50.720430,11.340460
schwanewede,53.233330,8.600000
bargteheide,53.728560,10.266950
harsefeld,53.453990,9.502970
mindelheim,48.045780,10.492220
lauchhammer,51.488130,13.766230
kloster lehnin,52.320390,12.743200
schontal,47.977890,10.010470
rottenburg,48.476290,8.935280
limburg,48.031380,12.182210
burgsalach,49.033160,11.097660
peine,52.319280,10.235200
edewecht,53.126990,7.984060
gersthofen,48.424320,10.872730
niedereschach,48.133330,8.533330
eisleben,51.527540,11.548350
ravensburg,47.781980,9.610620
bautzen,51.180350,14.434940
marktredwitz,50.004430,12.085930
schluchtern,49.147100,9.101870
oelde,51.828900,8.147240
asslar,50.591630,8.462730
schwarzenbruck,49.357780,11.243330
regensburg,49.015130,12.101610
herbertingen,48.066670,9.433330
hettstedt,51.650300,11.511460
holzminden,51.827980,9.445500
wiefelstede,53.250000,8.116670
wadern,49.541220,6.887740
triberg,48.131750,8.233170
leinfelden-echterdingen,48.694060,9.168090
bad neustadt an der saale,50.321740,10.206730
pegnitz,49.752160,11.541870
castrop-rauxel,51.556570,7.311550
schrobenhausen,48.560670,11.260710
oberhaching,48.024550,11.597440
reutlingen,48.491440,9.204270
neresheim,48.755110,10.330410
potsdam,52.398860,13.065660
vreden,52.037920,6.828000
wiesmoor,53.416670,7.733330
neustrelitz,53.361300,13.072920
bad reichenhall,47.729470,12.878190
kaufering,48.091210,10.879130
bergisch gladbach,50.985600,7.132980
lingen,52.521430,7.318450
luckenwalde,52.090290,13.167720
wetzlar,50.561090,8.504950
rostock,54.088700,12.140490
freystadt,49.200070,11.330320
weil am rhein,47.593310,7.620820
oranienburg,52.755770,13.241970
hohenlockstedt,53.966670,9.616670
nunchritz,51.299930,13.385550
lebach,49.411220,6.909880
kaufbeuren,47.882380,10.621920
bovenden,51.588360,9.922200
rockenberg,50.430500,8.736880
kirchlengern,52.200000,8.633330
mombris,50.069210,9.163710
besigheim,48.997970,9.142680
suhl,50.609110,10.694010
nordenham,53.486100,8.480930
schwerte,51.443870,7.567500
baiersbronn,48.503180,8.376990
siegburg,50.800190,7.207690
detmold,51.938550,8.873180
halberstadt,51.895620,11.056220
herford,52.114570,8.673430
bad windsheim,49.502740,10.415390
putbus,54.355110,13.476340
hovelhof,51.816670,8.650000
balve,51.331500,7.864240
weissenhorn,48.305010,10.160470
wernigerode,51.836520,10.782160
eichstatt,48.637510,12.106940
bad bramstedt,53.918300,9.884240
burgwedel,53.650910,9.906520
bernkastel-kues,49.916020,7.076640
isselburg,51.832320,6.464280
bad salzungen,50.813420,10.236100
garbsen,52.413710,9.589900
murnau am staffelsee,47.680850,11.201250
porta westfalica,52.229610,8.916120
ladenburg,49.473070,8.608960
remscheid,51.179830,7.192500
sindelfingen,48.700000,9.016670
cottbus,51.757690,14.328880
stassfurt,51.851860,11.585080
gross-umstadt,49.868990,8.932100
oberstdorf,47.407240,10.279390
michelstadt,49.675690,9.003730
birkenwerder,52.683330,13.283330
dettelbach,49.802950,10.165190
darmstadt,49.871670,8.650270
montabaur,50.435880,7.823200
lindenberg im allgau,47.602840,9.885490
schriesheim,49.473720,8.663600
neumarkt in der oberpfalz,49.280280,11.462780
uberlingen,47.769770,9.171360
mockmuhl,49.324900,9.358370
goslar,51.904250,10.427660
bruchsal,49.124260,8.598040
betzdorf,50.790940,7.871890
waldmunchen,49.378040,12.709050
ratekau,53.950000,10.733330
salzgitter,52.157050,10.415400
konigsbach-stein,48.965850,8.605730
pottum,50.600000,8.000000
velbert,51.335370,7.043480
schopfheim,47.651050,7.820890
dachau,48.260000,11.434020
leipzig,51.339620,12.371290
witten,51.443620,7.352580
eberswalde,52.834920,13.819510
bretten,49.036850,8.707450
hachenburg,50.659980,7.822760
nottuln,51.933330,7.350000
weilheim an der teck,48.615720,9.537510
bad bentheim,52.300660,7.157630
landshut,48.529610,12.161790
waldkraiburg,48.208540,12.398930
kamen,51.592310,7.663800
leeste,52.987530,8.816250
greifswald,54.093110,13.387860
trossingen,48.076670,8.644090
tettnang,47.668570,9.591320
friesoythe,53.022600,7.857640
pirmasens,49.201450,7.605290
hamminkeln,51.732620,6.590310
meudt,50.498890,7.895000
hergatz,47.650000,9.833330
helmstedt,52.227900,11.009850
karlsdorf-neuthard,49.134720,8.530280
nettetal,51.316670,6.283330
hoppstadten-weiersbach,49.616670,7.200000
norderstedt,53.685900,9.980410
grevenbroich,51.091020,6.582700
heiligenhafen,54.369640,10.980220
gummersbach,51.026080,7.564730
issum,51.533330,6.433330
scheidegg,47.581410,9.848290
arnstorf,48.558400,12.816740
mainburg,48.641820,11.780930
oberursel,50.207310,8.577470
geseke,51.640910,8.510900
mossingen,48.405670,9.054190
nidderau,50.238050,8.867040
wietmarschen,52.518060,7.134080
mellrichstadt,50.428490,10.303340
pfronten,47.582200,10.549620
solingen,51.173430,7.084500
plau am see,53.458210,12.262460
uhldingen-muhlhofen,47.733330,9.250000
stetten am kalten markt,48.124190,9.077750
karben,50.230190,8.771550
schleiz,50.578660,11.810240
sankt andreasberg,51.710040,10.518670
kenzingen,48.196300,7.769740
geilenkirchen,50.967450,6.117630
waren,53.520400,12.679850
bad sassendorf,51.583330,8.166670
burg bei magdeburg,52.271520,11.854930
werneck,49.982010,10.098840
markkleeberg,51.275500,12.369060
torgau,51.560160,12.996170
neckargemund,49.388990,8.795900
sangerhausen,51.472210,11.295330
stadtlohn,51.993990,6.919180
cham,49.225650,12.655010
eschborn,50.143280,8.571110
stahnsdorf,52.383330,13.216670
vilsbiburg,48.452960,12.356040
hockenheim,49.323340,8.551940
kelheim,48.917250,11.886180
gernsbach,48.770340,8.343060
michendorf,52.313520,13.029960
eslohe,51.253690,8.169490
osterode am harz,51.726860,10.250890
oschersleben,52.030390,11.228980
kusel,49.537720,7.404720
waltrop,51.621250,7.402380
emmerich,51.839330,6.247920
kaiserslautern,49.443000,7.771610
schwieberdingen,48.876440,9.074390
walldurn,49.583580,9.366420
muhlacker,48.947540,8.836750
fellbach,48.809120,9.276970
elmshorn,53.753960,9.653390
sengenthal,49.233330,11.466670
eichenzell,50.495360,9.696720
lichtenfels,50.145670,11.059280
strullendorf,49.844290,10.972080
haigerloch,48.366140,8.803570
parchim,53.426310,11.848750
salzkotten,51.671700,8.600920
spangdahlem,49.983330,6.683330
kriftel,50.084080,8.469770
salzhemmendorf,52.067000,9.587200
langewiesen,50.672520,10.971020
grossostheim,49.919850,9.075960
zehnhausen bei rennerod,50.647220,8.059720
neutraubling,48.987370,12.201000
cloppenburg,52.847540,8.045000
timmendorfer strand,53.995300,10.776760
zell unter aichelberg,48.648820,9.571370
weinsberg,49.151270,9.287620
soltau,52.986380,9.843380
bad doberan,54.107120,11.900510
bestwig,51.360810,8.400820
hallerndorf,49.759090,10.979460
klipphausen,51.068410,13.513740
saarwellingen,49.354300,6.804870
bad vilbel,50.178660,8.737560
althegnenberg,48.233330,11.066670
pfarrkirchen,48.432050,12.938120
lippstadt,51.673690,8.344820
markt schwaben,48.189490,11.869100
halblech,47.631550,10.820240
stockstadt am main,49.970050,9.071530
freising,48.403510,11.748760
meiningen,50.567870,10.415210
pfullingen,48.464580,9.227960
melsungen,51.130290,9.552360
gladenbach,50.768470,8.580850
blieskastel,49.237240,7.256170
friedrichshafen,47.656890,9.475540
delitzsch,51.525460,12.342840
marktoberdorf,47.779640,10.617130
bruel,51.519060,8.221510
weiterstadt,49.903900,8.588740
konstanz,47.660330,9.175820
bunde,53.183330,7.266670
franzburg,54.185010,12.882100
kall,50.542230,6.562970
hessisch oldendorf,52.172690,9.249130
dotternhausen,48.228480,8.792280
gottingen,48.473320,10.080470
bad breisig,50.505230,7.288610
kleinostheim,50.000000,9.066670
germersheim,49.223060,8.363890
uetze,52.465110,10.204670
elsterwerda,51.460430,13.520010
wunstorf,52.423770,9.435850
tauberbischofsheim,49.624720,9.662780
erkrath,51.222350,6.908310
wertingen,48.563140,10.681490
stadtallendorf,50.822610,9.012940
crailsheim,49.134440,10.071930
prenzlau,53.316250,13.862610
welzheim,48.876750,9.634340
schleswig,54.521560,9.558600
illertissen,48.223360,10.103470
viersen,51.254350,6.394410
neckarsulm,49.189120,9.225270
hohenstein-ernstthal,50.800640,12.712870
ratingen,51.297240,6.849290
hutschenhausen,49.416670,7.483330
backnang,48.947430,9.437180
schkeuditz,51.396780,12.221410
kempten,49.967290,7.937020
verden,52.923430,9.234910
saarlouis,49.313660,6.751540
pinneberg,53.667320,9.789360
bernburg,51.794640,11.740100
delmenhorst,53.051100,8.630910
syke,52.913450,8.822090
schwelm,51.286350,7.293880
haiger,50.741620,8.207780
neuwied,50.433600,7.470570
fehmarn,54.437800,11.193520
neubrandenburg,53.564140,13.275320
baesweiler,50.909640,6.188740
heilbad heiligenstadt,51.378190,10.137440
mulda,50.807890,13.414770
plettenberg,51.209490,7.872610
pulheim,50.999650,6.806320
essenheim,49.930560,8.155560
schierling,48.834220,12.139460
heidenheim,49.017190,10.743470
horn-bad meinberg,51.885500,8.962440
bernau bei berlin,52.679820,13.587080
loxstedt,53.466670,8.650000
lohra,50.733330,8.633330
oberstaufen,47.555680,10.022450
uedem,51.665200,6.273710
senftenberg,51.525170,14.001640
haan,51.193820,7.013300
leverkusen,51.030300,6.984320
edelsfeld,49.576440,11.695890
schwarzenbek,53.503030,10.480550
bad harzburg,51.882680,10.561570
bad langensalza,51.107710,10.646000
teningen,48.129520,7.812050
weil der stadt,48.749530,8.871760
zeitz,51.049620,12.136900
schmallenberg,51.154730,8.285050
molln,53.190210,11.844930
wittmund,53.576740,7.778390
jena,50.928780,11.589900
schwetzingen,49.382170,8.582300
schwabisch gmund,48.799470,9.798090
pforzheim,48.884360,8.698920
rastatt,48.858510,8.209650
burgstadt,49.714760,9.269160
geesthacht,53.435750,10.377900
rees,51.762630,6.397780
maxhutte-haidhof,49.199630,12.092290
westerstede,53.256820,7.927370
messkirch,47.994570,9.114790
flensburg,54.784310,9.439610
zinnowitz,54.076680,13.911270
jachenau,47.605740,11.433810
borgholzhausen,52.103430,8.302110
bad durrheim,48.020930,8.530560
bad rappenau,49.238480,9.101800
kronach,50.239630,11.333080
kothen,50.371220,9.766190
altomunster,48.387670,11.256910
hamburg,53.575320,10.015340
paderborn,51.719050,8.754390
cuxhaven,53.871760,8.690870
guben,51.949870,14.714470
coburg,50.259370,10.963840
lengede,52.204870,10.307750
finsterwalde,51.633880,13.706620
bischofswerda,51.127710,14.179740
miesbach,47.789030,11.833820
landsberg am lech,48.048190,10.882820
bad homburg,50.226830,8.618160
strausberg,52.578590,13.887410
northeim,51.706620,9.999970
meschede,51.350200,8.283320
attendorn,51.126450,7.903330
sendenhorst,51.843030,7.829960
fussen,49.076120,12.169210
twist,52.637930,7.066220
fassberg,52.900000,10.166670
radolfzell,47.741940,8.970980
crawinkel,50.783330,10.783330
lutzerath,50.126950,7.007400
wolgast,54.052750,13.772010
ober-ramstadt,49.830780,8.748870
landsberg,51.526980,12.160760
gross-gerau,49.921390,8.482550
grundau,50.651390,13.286820
wadgassen,49.266670,6.783330
schwabmunchen,48.179280,10.756750
bad segeberg,53.943130,10.302150
radevormwald,51.202190,7.360270
luchow,53.683330,10.533330
ganderkesee,53.033330,8.533330
stendal,52.606900,11.858670
geldern,51.519080,6.323630
annaberg-buchholz,50.579530,13.006270
bad oldesloe,53.811670,10.374170
freilassing,47.840850,12.981140
sulingen,52.683730,8.809490
dresden,51.050890,13.738320
bremerhaven,53.550210,8.576730
rheinbach,50.625620,6.949110
laupheim,48.227860,9.878740
waldaschaff,49.975280,9.301940
glauchau,50.819870,12.544930
herbrechtingen,48.621730,10.176000
rutesheim,48.808080,8.945360
deisslingen,48.112300,8.607360
greiz,50.657780,12.199180
neufahrn bei freising,48.315880,11.663160
gorlitz,50.830250,12.039060
herdecke,51.399990,7.435840
drolshagen,51.023580,7.773550
vechta,52.726320,8.285980
kornwestheim,48.861580,9.185690
clausthal-zellerfeld,51.809490,10.338210
wandlitz,52.741960,13.457990
anklam,53.856370,13.689650
ingelheim am rhein,49.970780,8.058830
hennigsdorf,52.635980,13.204190
nortrup,52.615030,7.860720
frielendorf,50.970730,9.322690
eppingen,49.136450,8.912290
bassum,52.850590,8.727910
quedlinburg,51.788430,11.150060
cochem,50.145110,7.163790
bad wildungen,51.119630,9.124750
hiddenhausen,52.166670,8.616670
geeste,52.600000,7.266670
butzbach,50.433950,8.671220
liebenburg,52.021760,10.431690
bad laer,52.100000,8.083330
grunstadt,49.033300,10.316600
biedenkopf,50.911250,8.530160
bretzfeld,49.179440,9.438330
ostfildern,48.727040,9.249540
elz,50.416670,8.033330
bad ems,50.335440,7.713690
burladingen,48.291110,9.112860
bad fallingbostel,52.866410,9.695580
eppelborn,49.400000,6.966670
eschwege,51.183860,10.053290
kaltenkirchen,53.832920,9.958100
planegg,48.106720,11.424830
springe,52.208450,9.554160
kaarst,51.229290,6.618830
neuhaus am rennweg,50.510060,11.137870
lenzkirch,47.868320,8.202110
mannheim,49.489100,8.466940
elsenfeld,49.842890,9.163550
bad schwartau,53.918870,10.696910
holzgerlingen,48.639690,9.011490
sulzbach-rosenberg,49.501260,11.745980
norvenich,50.806040,6.639520
taunusstein,50.149930,8.152060
remagen,50.578790,7.227030
hersbruck,49.510830,11.431510
malsfeld,51.090830,9.538890
neustadt an der orla,50.736400,11.746190
neukirchen-vluyn,51.783330,6.400000
dinkelsbuhl,49.069420,10.319850
marktheidenfeld,49.845400,9.603590
asperg,48.905250,9.135020
bad liebenwerda,51.518260,13.394590
ahrensburg,53.675150,10.225930
datteln,51.655980,7.345300
stockelsdorf,53.892200,10.647130
gaggenau,48.800000,8.333330
ilsfeld,49.055480,9.245980
naila,50.330340,11.704630
hardegsen,51.652270,9.830500
deidesheim,49.407820,8.184450
sankt peter-ording,54.303630,8.641380
lauf an der pegnitz,49.513860,11.282470
riesa,51.307770,13.291680
nieder-olm,49.911660,8.205330
calw,48.714190,8.740310
ratzeburg,53.699650,10.772560
neu-anspach,50.316670,8.500000
donaueschingen,47.955140,8.497070
mallersdorf-pfaffenberg,48.766370,12.230960
schifferstadt,49.384170,8.377500
weissenburg in bayern,49.030950,10.972210
rottweil,48.167830,8.627190
gauting,48.069190,11.377030
lensahn,54.216520,10.883260
papenburg,53.077380,7.404440
trier,49.755650,6.639350
frechen,50.914850,6.811800
limbach-oberfrohna,50.858820,12.761650
abensberg,48.816840,11.849800
dettingen an der erms,48.530770,9.344580
oberkochen,48.783790,10.105190
eppelheim,49.401900,8.636440
leopoldshohe,52.012460,8.698340
iphofen,49.702390,10.260370
bad feilnbach,47.773310,12.009730
nordkirchen,51.738270,7.521970
heilsbronn,49.335720,10.787410
philippsburg,49.231700,8.460740
wusterhausen,52.891200,12.460210
kelkheim,50.137030,8.450200
wolfratshausen,47.912890,11.421660
bottrop,51.523920,6.928500
stadthagen,52.323330,9.203110
bad kreuznach,49.841400,7.867130
worms,49.632780,8.359160
lotte,52.283330,7.916670
elsfleth,53.237480,8.456640
kissing,48.303750,10.970880
waldenbuch,48.638300,9.132560
oberschleissheim,48.250000,11.566670
westoverledingen,53.169210,7.461430
rotenburg,53.111250,9.410820
merzig,49.443310,6.638740
marwitz,52.677210,13.141020
mulsen,50.750000,12.566670
kelsterbach,50.061350,8.529160
gaildorf,49.000270,9.769530
blaubeuren,48.412150,9.784270
bad worishofen,48.006740,10.596660
armsheim,49.809720,8.056670
bayreuth,49.947820,11.578930
lennestadt,51.117210,8.067070
hungen,50.473680,8.893260
holzwickede,51.500000,7.633330
vaihingen an der enz,48.935630,8.960450
sigmaringen,48.088290,9.230330
euskirchen,50.660570,6.787220
herzberg am harz,51.655460,10.339380
ohringen,49.198840,9.507200
sittensen,53.276150,9.504290
erlensee,50.163040,8.978230
stuhr,53.033330,8.750000
osterholz-scharmbeck,53.226980,8.795280
postbauer-heng,49.305280,11.357220
perleberg,53.075830,11.857390
bopfingen,48.858470,10.354170
kandern,47.713930,7.662370
bingen,48.111270,9.272380
stolzenau,52.516670,9.066670
burgkirchen an der alz,48.167530,12.732500
harsewinkel,51.962240,8.227660
isny im allgau,47.692600,10.038570
altenholz,54.400000,10.133330
bad berleburg,51.052240,8.392270
rathenow,52.606590,12.336960
miltenberg,49.704520,9.267250
bietigheim-bissingen,48.944070,9.117550
emsdetten,52.173400,7.527810
feldkirchen-westerham,47.907480,11.842660
tostedt,53.283330,9.716670
wissen,50.779150,7.734660
regen,48.971900,13.128240
neuruppin,52.928150,12.803110
dietzenbach,50.009760,8.777830
siegen,50.874810,8.024310
oyten,53.050000,9.016670
lam,49.196650,13.050510
melle,52.201970,8.338260
hemer,51.387070,7.770190
everswinkel,51.925950,7.846900
bad salzuflen,52.086200,8.744340
mullheim,47.808200,7.630350
netphen,50.916670,8.100000
kirchheimbolanden,49.662490,8.015130
magdeburg,52.127730,11.629160
ennigerloh,51.838430,8.030930
bad belzig,52.141840,12.592720
horb am neckar,48.444230,8.691300
konigsbruck,51.264510,13.905400
schortens,53.533330,7.950000
drochtersen,53.710150,9.384630
gelsenkirchen,51.505080,7.096540
uetersen,53.687690,9.663940
mehlingen,49.491360,7.854670
offenburg,48.473770,7.944950
konigsbrunn,48.275060,10.891780
weisswasser,51.504030,14.640170
bonen,51.600000,7.766670
weilburg,50.484380,8.262490
krolpa,50.677430,11.538480
tirschenreuth,49.882630,12.331120
